{"cameraMode":{"drawMode":0,"name":"Shaded","section":"Shading Mode"},"sceneLighting":true,"audioPlay":false,"sceneViewState":{"m_AlwaysRefresh":false,"showFog":true,"showSkybox":true,"showFlares":true,"showImageEffects":true,"showParticleSystems":true,"showVisualEffectGraphs":true,"m_FxEnabled":true},"in2DMode":false,"pivot":{"x":-1.9203345775604249,"y":1.492611050605774,"z":-0.4986954927444458},"rotation":{"x":-0.0002840965462382883,"y":-0.966758131980896,"z":-0.0011554125230759383,"w":0.2557351589202881},"size":1.4994746446609498,"orthographic":false}