{"cameraMode":{"drawMode":0,"name":"Shaded","section":"Shading Mode"},"sceneLighting":true,"audioPlay":false,"sceneViewState":{"m_AlwaysRefresh":false,"showFog":true,"showSkybox":true,"showFlares":true,"showImageEffects":true,"showParticleSystems":true,"showVisualEffectGraphs":true,"m_FxEnabled":true},"in2DMode":false,"pivot":{"x":0.8007404804229736,"y":0.5451967716217041,"z":-3.7386865615844728},"rotation":{"x":-0.030532894656062127,"y":-0.9406733512878418,"z":0.08803150057792664,"w":-0.32630330324172976},"size":3.8029356002807619,"orthographic":false}