{"cameraMode":{"drawMode":0,"name":"Shaded","section":"Shading Mode"},"sceneLighting":false,"audioPlay":false,"sceneViewState":{"m_AlwaysRefresh":false,"showFog":false,"showSkybox":false,"showFlares":false,"showImageEffects":false,"showParticleSystems":false,"showVisualEffectGraphs":true,"m_FxEnabled":true},"in2DMode":false,"pivot":{"x":0.028035104274749757,"y":1.1374740600585938,"z":-0.035790205001831058},"rotation":{"x":0.05231122300028801,"y":-0.9353863596916199,"z":0.3128940165042877,"w":0.15633128583431245},"size":0.9222140908241272,"orthographic":false}