{"cameraMode":{"drawMode":0,"name":"Shaded","section":"Shading Mode"},"sceneLighting":true,"audioPlay":false,"sceneViewState":{"m_AlwaysRefresh":false,"showFog":true,"showSkybox":false,"showFlares":true,"showImageEffects":true,"showParticleSystems":true,"showVisualEffectGraphs":true,"m_FxEnabled":true},"in2DMode":false,"pivot":{"x":-0.0665656328201294,"y":0.027516186237335206,"z":0.6815338134765625},"rotation":{"x":-0.21048516035079957,"y":-0.5624745488166809,"z":0.15077422559261323,"w":-0.785232424736023},"size":0.9428327679634094,"orthographic":false}